"","BT_pvalue","VC_pvalue","SKATO_pvalue"
"1",0.622239179147001,0.163962370930668,0.269050729808436
